y,x,z_stack,Gene
4045.3869180839974,224.9919039644301,25.99492850911338,Bcl11b
4262.386918083997,1327.99190396443,16.99492850911338,Bcl11b
4357.386918083997,1441.99190396443,12.994928509113379,Bcl11b
3869.3869180839974,424.9919039644301,20.99492850911338,Cadps2
3949.3869180839974,152.9919039644301,17.99492850911338,Cadps2
4055.3869180839974,1202.99190396443,20.99492850911338,Cadps2
4064.3869180839974,1128.99190396443,19.99492850911338,Cadps2
4066.3869180839974,447.9919039644301,17.99492850911338,Cadps2
4131.386918083997,1048.99190396443,28.99492850911338,Cadps2
4266.386918083997,1892.99190396443,15.994928509113379,Cadps2
4269.386918083997,1742.99190396443,13.994928509113379,Cadps2
4306.386918083997,1849.99190396443,17.99492850911338,Cadps2
4413.386918083997,1344.99190396443,25.99492850911338,Cadps2
4501.386918083997,1333.99190396443,27.99492850911338,Cadps2
4607.386918083997,1823.99190396443,27.99492850911338,Cadps2
4612.386918083997,1770.99190396443,16.99492850911338,Cadps2
4779.386918083997,1803.99190396443,15.994928509113379,Cadps2
5269.386918083997,1470.99190396443,12.994928509113379,Cadps2
3853.3869180839974,452.9919039644301,26.99492850911338,Calb2
4074.3869180839974,1896.99190396443,39.99492850911338,Calb2
4096.386918083997,488.9919039644301,21.99492850911338,Calb2
4230.386918083997,1739.99190396443,31.99492850911338,Calb2
5143.386918083997,1473.99190396443,18.99492850911338,Calb2
5255.386918083997,1702.99190396443,31.99492850911338,Calb2
4300.386918083997,1200.99190396443,24.99492850911338,Cck
3870.3869180839974,93.9919039644301,18.99492850911338,Cnr1
3872.3869180839974,585.9919039644301,15.994928509113379,Cnr1
4082.3869180839974,696.9919039644301,19.99492850911338,Cnr1
4131.386918083997,996.9919039644301,27.99492850911338,Cnr1
4315.386918083997,1338.99190396443,18.99492850911338,Cnr1
4353.386918083997,908.9919039644301,20.99492850911338,Cnr1
3819.3869180839974,139.9919039644301,18.99492850911338,Col25a1
4715.386918083997,1599.99190396443,15.994928509113379,Col25a1
3809.3869180839974,1029.99190396443,19.99492850911338,Cox6a2
4946.386918083997,1732.99190396443,23.99492850911338,Cox6a2
3990.3869180839974,785.9919039644301,39.99492850911338,Cplx2
3990.3869180839974,1278.99190396443,15.994928509113379,Cplx2
4380.386918083997,1860.99190396443,15.994928509113379,Cplx2
4998.386918083997,1607.99190396443,40.99492850911338,Cplx2
3879.3869180839974,926.9919039644301,15.994928509113379,Cryab
3925.3869180839974,1026.99190396443,18.99492850911338,Cryab
4022.3869180839974,1028.99190396443,20.99492850911338,Cryab
4039.3869180839974,335.9919039644301,14.994928509113379,Cryab
4045.3869180839974,166.9919039644301,34.99492850911338,Cryab
4071.3869180839974,1564.99190396443,27.99492850911338,Cryab
4087.3869180839974,1855.99190396443,27.99492850911338,Cryab
4118.386918083997,843.9919039644301,20.99492850911338,Cryab
4219.386918083997,1278.99190396443,25.99492850911338,Cryab
4298.386918083997,1011.9919039644301,19.99492850911338,Cryab
4307.386918083997,1748.99190396443,19.99492850911338,Cryab
4353.386918083997,1926.99190396443,28.99492850911338,Cryab
4511.386918083997,674.9919039644301,36.99492850911338,Cryab
4511.386918083997,1613.99190396443,29.99492850911338,Cryab
4520.386918083997,1663.99190396443,18.99492850911338,Cryab
4554.386918083997,970.9919039644301,20.99492850911338,Cryab
4560.386918083997,1304.99190396443,17.99492850911338,Cryab
4565.386918083997,1743.99190396443,32.99492850911338,Cryab
4570.386918083997,974.9919039644301,23.99492850911338,Cryab
4579.386918083997,1314.99190396443,17.99492850911338,Cryab
4591.386918083997,438.9919039644301,14.994928509113379,Cryab
4643.386918083997,1767.99190396443,25.99492850911338,Cryab
4691.386918083997,1897.99190396443,30.99492850911338,Cryab
4759.386918083997,2003.99190396443,15.994928509113379,Cryab
4817.386918083997,1954.99190396443,26.99492850911338,Cryab
4839.386918083997,979.9919039644301,43.99492850911338,Cryab
4911.386918083997,1306.99190396443,17.99492850911338,Cryab
4950.386918083997,1428.99190396443,41.99492850911338,Cryab
5111.386918083997,1799.99190396443,15.994928509113379,Cryab
5212.386918083997,1153.99190396443,35.99492850911338,Cryab
5213.386918083997,1670.99190396443,30.99492850911338,Cryab
5234.386918083997,1506.99190396443,38.99492850911338,Cryab
5259.386918083997,786.9919039644301,20.99492850911338,Cryab
5333.386918083997,1081.99190396443,19.99492850911338,Cryab
5436.386918083997,1418.99190396443,31.99492850911338,Cryab
5445.386918083997,1178.99190396443,22.99492850911338,Cryab
5541.386918083997,1393.99190396443,31.99492850911338,Cryab
5558.386918083997,465.9919039644301,14.994928509113379,Cryab
5577.386918083997,468.9919039644301,15.994928509113379,Cryab
3977.3869180839974,899.9919039644301,20.99492850911338,Cxcl14
3990.3869180839974,555.9919039644301,24.99492850911338,Cxcl14
4057.3869180839974,1126.99190396443,38.99492850911338,Cxcl14
4193.386918083997,1539.99190396443,13.994928509113379,Cxcl14
4259.386918083997,637.9919039644301,14.994928509113379,Cxcl14
4262.386918083997,225.9919039644301,15.994928509113379,Cxcl14
4414.386918083997,1340.99190396443,12.994928509113379,Cxcl14
4479.386918083997,1179.99190396443,29.99492850911338,Cxcl14
4527.386918083997,1665.99190396443,23.99492850911338,Cxcl14
4603.386918083997,1605.99190396443,24.99492850911338,Cxcl14
4648.386918083997,383.9919039644301,14.994928509113379,Cxcl14
4695.386918083997,1404.99190396443,22.99492850911338,Cxcl14
4790.386918083997,1702.99190396443,21.99492850911338,Cxcl14
4802.386918083997,1968.99190396443,11.994928509113379,Cxcl14
5124.386918083997,1541.99190396443,14.994928509113379,Cxcl14
5141.386918083997,1604.99190396443,11.994928509113379,Cxcl14
5151.386918083997,1648.99190396443,18.99492850911338,Cxcl14
5174.386918083997,1128.99190396443,31.99492850911338,Enpp2
4212.386918083997,1269.99190396443,29.99492850911338,Gabrd
4176.386918083997,1510.99190396443,11.994928509113379,Gad1
4074.3869180839974,122.9919039644301,22.99492850911338,Grin3a
4530.386918083997,1849.99190396443,16.99492850911338,Hapln1
4563.386918083997,1705.99190396443,26.99492850911338,Hapln1
4094.3869180839974,1074.99190396443,21.99492850911338,Htr3a
4167.386918083997,511.9919039644301,25.99492850911338,Htr3a
4250.386918083997,1073.99190396443,17.99492850911338,Htr3a
4402.386918083997,1440.99190396443,24.99492850911338,Htr3a
3929.3869180839974,439.9919039644301,27.99492850911338,Id2
3963.3869180839974,1327.99190396443,14.994928509113379,Id2
4120.386918083997,1316.99190396443,23.99492850911338,Id2
4150.386918083997,1378.99190396443,24.99492850911338,Id2
4297.386918083997,1441.99190396443,24.99492850911338,Id2
4544.386918083997,1534.99190396443,26.99492850911338,Id2
4630.386918083997,1889.99190396443,17.99492850911338,Id2
4699.386918083997,1095.99190396443,16.99492850911338,Id2
4967.386918083997,1104.99190396443,32.99492850911338,Id2
3975.3869180839974,1039.99190396443,17.99492850911338,Kctd12
4609.386918083997,1753.99190396443,16.99492850911338,Kctd12
4630.386918083997,1992.99190396443,26.99492850911338,Kctd12
4088.3869180839974,47.991903964430094,39.99492850911338,Kit
4217.386918083997,1235.99190396443,13.994928509113379,Kit
4249.386918083997,810.9919039644301,14.994928509113379,Kit
4282.386918083997,845.9919039644301,15.994928509113379,Kit
4303.386918083997,837.9919039644301,16.99492850911338,Kit
4499.386918083997,1275.99190396443,31.99492850911338,Kit
4792.386918083997,1969.99190396443,33.99492850911338,Kit
4102.386918083997,1336.99190396443,23.99492850911338,Lamp5
4162.386918083997,36.991903964430094,30.99492850911338,Lamp5
4249.386918083997,1287.99190396443,24.99492850911338,Lamp5
4337.386918083997,1715.99190396443,18.99492850911338,Lamp5
4513.386918083997,1380.99190396443,32.99492850911338,Lamp5
4704.386918083997,1432.99190396443,18.99492850911338,Lamp5
3804.3869180839974,615.9919039644301,24.99492850911338,Lhx6
3849.3869180839974,539.9919039644301,23.99492850911338,Lhx6
3850.3869180839974,391.9919039644301,29.99492850911338,Lhx6
3857.3869180839974,488.9919039644301,19.99492850911338,Lhx6
3861.3869180839974,646.9919039644301,24.99492850911338,Lhx6
3965.3869180839974,294.9919039644301,14.994928509113379,Lhx6
3984.3869180839974,207.9919039644301,38.99492850911338,Lhx6
4012.3869180839974,430.9919039644301,23.99492850911338,Lhx6
4027.3869180839974,985.9919039644301,24.99492850911338,Lhx6
4075.3869180839974,981.9919039644301,18.99492850911338,Lhx6
4147.386918083997,1851.99190396443,20.99492850911338,Lhx6
4224.386918083997,1195.99190396443,27.99492850911338,Lhx6
4260.386918083997,1392.99190396443,19.99492850911338,Lhx6
4439.386918083997,607.9919039644301,14.994928509113379,Lhx6
4488.386918083997,2020.99190396443,24.99492850911338,Lhx6
4506.386918083997,1373.99190396443,18.99492850911338,Lhx6
4583.386918083997,1953.99190396443,12.994928509113379,Lhx6
4601.386918083997,1219.99190396443,14.994928509113379,Lhx6
4660.386918083997,880.9919039644301,29.99492850911338,Lhx6
4876.386918083997,1698.99190396443,20.99492850911338,Lhx6
4896.386918083997,1939.99190396443,28.99492850911338,Lhx6
5042.386918083997,1328.99190396443,19.99492850911338,Lhx6
5067.386918083997,1278.99190396443,19.99492850911338,Lhx6
5382.386918083997,1558.99190396443,21.99492850911338,Lhx6
3897.3869180839974,1660.99190396443,28.99492850911338,Neurod6
3974.3869180839974,1419.99190396443,39.99492850911338,Neurod6
4017.3869180839974,1368.99190396443,36.99492850911338,Neurod6
4093.3869180839974,1844.99190396443,13.994928509113379,Neurod6
4521.386918083997,1411.99190396443,37.99492850911338,Neurod6
4794.386918083997,2019.99190396443,37.99492850911338,Neurod6
4945.386918083997,1102.99190396443,12.994928509113379,Neurod6
4958.386918083997,1751.99190396443,16.99492850911338,Neurod6
4097.386918083997,624.9919039644301,21.99492850911338,Nov
4669.386918083997,1863.99190396443,23.99492850911338,Nov
4021.3869180839974,105.9919039644301,27.99492850911338,Nr4a2
4132.386918083997,808.9919039644301,15.994928509113379,Nr4a2
4219.386918083997,533.9919039644301,13.994928509113379,Nr4a2
4295.386918083997,1126.99190396443,20.99492850911338,Nr4a2
4349.386918083997,1470.99190396443,13.994928509113379,Nr4a2
4407.386918083997,1622.99190396443,12.994928509113379,Nr4a2
4454.386918083997,1712.99190396443,19.99492850911338,Nr4a2
4460.386918083997,1788.99190396443,27.99492850911338,Nr4a2
4524.386918083997,1436.99190396443,18.99492850911338,Nr4a2
4539.386918083997,1857.99190396443,20.99492850911338,Nr4a2
4595.386918083997,1305.99190396443,31.99492850911338,Nr4a2
4771.386918083997,1936.99190396443,11.994928509113379,Nr4a2
3797.3869180839974,441.9919039644301,24.99492850911338,Nrn1
3810.3869180839974,946.9919039644301,37.99492850911338,Nrn1
3825.3869180839974,1013.9919039644301,38.99492850911338,Nrn1
4020.3869180839974,817.9919039644301,13.994928509113379,Nrn1
4050.3869180839974,982.9919039644301,26.99492850911338,Nrn1
4150.386918083997,324.9919039644301,38.99492850911338,Nrn1
4154.386918083997,714.9919039644301,31.99492850911338,Nrn1
4219.386918083997,314.9919039644301,21.99492850911338,Nrn1
4286.386918083997,1009.9919039644301,16.99492850911338,Nrn1
4299.386918083997,2008.99190396443,29.99492850911338,Nrn1
4302.386918083997,1385.99190396443,24.99492850911338,Nrn1
4318.386918083997,898.9919039644301,13.994928509113379,Nrn1
4319.386918083997,918.9919039644301,13.994928509113379,Nrn1
4334.386918083997,1667.99190396443,23.99492850911338,Nrn1
4389.386918083997,1965.99190396443,17.99492850911338,Nrn1
4455.386918083997,1836.99190396443,23.99492850911338,Nrn1
4538.386918083997,1143.99190396443,40.99492850911338,Nrn1
4578.386918083997,2004.99190396443,23.99492850911338,Nrn1
4582.386918083997,1658.99190396443,25.99492850911338,Nrn1
4638.386918083997,1573.99190396443,31.99492850911338,Nrn1
4764.386918083997,1427.99190396443,42.99492850911338,Nrn1
4950.386918083997,1947.99190396443,25.99492850911338,Nrn1
4040.3869180839974,710.9919039644301,12.994928509113379,Ntng1
4041.3869180839974,332.9919039644301,21.99492850911338,Ntng1
4098.386918083997,1477.99190396443,21.99492850911338,Ntng1
4127.386918083997,388.9919039644301,22.99492850911338,Ntng1
4205.386918083997,406.9919039644301,25.99492850911338,Ntng1
4246.386918083997,1350.99190396443,22.99492850911338,Ntng1
4781.386918083997,1754.99190396443,38.99492850911338,Pcp4
4890.386918083997,1950.99190396443,42.99492850911338,Pcp4
3798.3869180839974,146.9919039644301,38.99492850911338,Pde1a
3853.3869180839974,654.9919039644301,17.99492850911338,Pde1a
3987.3869180839974,997.9919039644301,15.994928509113379,Pde1a
4024.3869180839974,104.9919039644301,13.994928509113379,Pde1a
4043.3869180839974,417.9919039644301,23.99492850911338,Pde1a
4057.3869180839974,1286.99190396443,14.994928509113379,Pde1a
4166.386918083997,1041.99190396443,32.99492850911338,Pde1a
4167.386918083997,554.9919039644301,29.99492850911338,Pde1a
4187.386918083997,1806.99190396443,23.99492850911338,Pde1a
4277.386918083997,1031.99190396443,31.99492850911338,Pde1a
4298.386918083997,1551.99190396443,38.99492850911338,Pde1a
4309.386918083997,1258.99190396443,22.99492850911338,Pde1a
4329.386918083997,1736.99190396443,15.994928509113379,Pde1a
4375.386918083997,1640.99190396443,25.99492850911338,Pde1a
4398.386918083997,1339.99190396443,30.99492850911338,Pde1a
4460.386918083997,969.9919039644301,39.99492850911338,Pde1a
4521.386918083997,1468.99190396443,31.99492850911338,Pde1a
4554.386918083997,1408.99190396443,30.99492850911338,Pde1a
4561.386918083997,1181.99190396443,41.99492850911338,Pde1a
4564.386918083997,1342.99190396443,31.99492850911338,Pde1a
4722.386918083997,1364.99190396443,41.99492850911338,Pde1a
4733.386918083997,1716.99190396443,40.99492850911338,Pde1a
4738.386918083997,1432.99190396443,32.99492850911338,Pde1a
4758.386918083997,1777.99190396443,41.99492850911338,Pde1a
4813.386918083997,2000.99190396443,32.99492850911338,Pde1a
4886.386918083997,1331.99190396443,18.99492850911338,Pde1a
4308.386918083997,753.9919039644301,24.99492850911338,Plp1
4374.386918083997,1269.99190396443,23.99492850911338,Plp1
4452.386918083997,1887.99190396443,21.99492850911338,Plp1
4607.386918083997,1215.99190396443,39.99492850911338,Plp1
4750.386918083997,1986.99190396443,32.99492850911338,Plp1
4924.386918083997,1317.99190396443,16.99492850911338,Plp1
3909.3869180839974,67.9919039644301,26.99492850911338,Pnoc
4170.386918083997,1538.99190396443,23.99492850911338,Pnoc
3890.3869180839974,844.9919039644301,26.99492850911338,Prkca
4000.3869180839974,774.9919039644301,23.99492850911338,Prkca
4197.386918083997,246.9919039644301,38.99492850911338,Prkca
4197.386918083997,1261.99190396443,32.99492850911338,Prkca
4246.386918083997,1238.99190396443,30.99492850911338,Prkca
4407.386918083997,1422.99190396443,24.99492850911338,Prkca
4421.386918083997,186.9919039644301,36.99492850911338,Prkca
4478.386918083997,1907.99190396443,23.99492850911338,Prkca
4547.386918083997,1736.99190396443,14.994928509113379,Prkca
4553.386918083997,1841.99190396443,16.99492850911338,Prkca
4717.386918083997,646.9919039644301,16.99492850911338,Prkca
4943.386918083997,1703.99190396443,21.99492850911338,Prkca
5030.386918083997,1715.99190396443,13.994928509113379,Prkca
4004.3869180839974,454.9919039644301,32.99492850911338,Pvalb
4981.386918083997,1538.99190396443,25.99492850911338,Pvalb
5037.386918083997,1747.99190396443,13.994928509113379,Pvalb
5090.386918083997,1567.99190396443,13.994928509113379,Pvalb
5290.386918083997,1195.99190396443,13.994928509113379,Pvalb
4697.386918083997,823.9919039644301,13.994928509113379,Rasgrf2
3920.3869180839974,128.9919039644301,30.99492850911338,Rgs4
4145.386918083997,283.9919039644301,24.99492850911338,Rgs4
4511.386918083997,1889.99190396443,28.99492850911338,Rgs4
4565.386918083997,1957.99190396443,22.99492850911338,Rgs4
4633.386918083997,1710.99190396443,22.99492850911338,Rgs4
4638.386918083997,1842.99190396443,15.994928509113379,Rgs4
4769.386918083997,1643.99190396443,12.994928509113379,Rgs4
3879.3869180839974,299.9919039644301,33.99492850911338,Satb1
4094.3869180839974,1579.99190396443,14.994928509113379,Satb1
4417.386918083997,1277.99190396443,19.99492850911338,Satb1
4469.386918083997,1744.99190396443,18.99492850911338,Satb1
4479.386918083997,1622.99190396443,18.99492850911338,Satb1
4487.386918083997,1726.99190396443,25.99492850911338,Satb1
4764.386918083997,1397.99190396443,40.99492850911338,Satb1
4009.3869180839974,729.9919039644301,21.99492850911338,Slc6a1
3839.3869180839974,440.9919039644301,18.99492850911338,Snca
3926.3869180839974,482.9919039644301,29.99492850911338,Snca
4177.386918083997,567.9919039644301,29.99492850911338,Snca
4408.386918083997,1037.99190396443,25.99492850911338,Snca
4085.3869180839974,597.9919039644301,22.99492850911338,Sncg
4176.386918083997,1107.99190396443,16.99492850911338,Sncg
4765.386918083997,1425.99190396443,31.99492850911338,Sst
5003.386918083997,1955.99190396443,38.99492850911338,Sst
5099.386918083997,1067.99190396443,20.99492850911338,Sst
5202.386918083997,1281.99190396443,14.994928509113379,Sst
5284.386918083997,1670.99190396443,40.99492850911338,Sst
5330.386918083997,1471.99190396443,38.99492850911338,Sst
4052.3869180839974,956.9919039644301,23.99492850911338,Tac1
4035.3869180839974,1214.99190396443,26.99492850911338,Tac2
4288.386918083997,1899.99190396443,25.99492850911338,Tac2
4304.386918083997,186.9919039644301,42.99492850911338,Tac2
5107.386918083997,1338.99190396443,14.994928509113379,Trp53i11
4839.386918083997,1113.99190396443,43.99492850911338,Vip
3986.3869180839974,407.9919039644301,14.994928509113379,Wfs1
4016.3869180839974,503.9919039644301,15.994928509113379,Wfs1
4023.3869180839974,561.9919039644301,29.99492850911338,Wfs1
4048.3869180839974,1098.99190396443,15.994928509113379,Wfs1
4196.386918083997,675.9919039644301,32.99492850911338,Wfs1
4384.386918083997,1822.99190396443,24.99492850911338,Wfs1
4385.386918083997,1664.99190396443,26.99492850911338,Wfs1
7508.114506208221,1258.0,12.0,Aldoc
6575.114506208221,1598.0,16.0,Cadps2
6949.114506208221,1992.0,33.0,Cadps2
6959.114506208221,1068.0,40.0,Cadps2
7028.114506208221,509.0,13.0,Cadps2
7143.114506208221,1653.0,24.0,Cadps2
6653.114506208221,851.0,14.0,Cnr1
6836.114506208221,1812.0,17.0,Cnr1
6839.114506208221,1759.0,14.0,Cnr1
7517.114506208221,1301.0,26.0,Cnr1
6802.114506208221,1183.0,28.0,Cox6a2
6880.114506208221,2005.0,29.0,Cplx2
7250.114506208221,458.0,13.0,Crh
7252.114506208221,884.0,40.0,Crh
5952.114506208221,1516.0,12.0,Cryab
6306.114506208221,129.0,21.0,Cryab
6414.114506208221,908.0,22.0,Cryab
6464.114506208221,837.0,29.0,Cryab
6516.114506208221,1810.0,33.0,Cryab
6764.114506208221,1440.0,22.0,Cryab
6765.114506208221,1100.0,36.0,Cryab
6962.114506208221,1637.0,38.0,Cryab
7016.114506208221,795.0,35.0,Cryab
7081.114506208221,1772.0,12.0,Cryab
7092.114506208221,1690.0,30.0,Cryab
7231.114506208221,355.0,14.0,Cryab
7288.114506208221,360.0,38.0,Cryab
7381.114506208221,1021.0,33.0,Cryab
7447.114506208221,467.0,20.0,Cryab
7504.114506208221,520.0,20.0,Cryab
7521.114506208221,1523.0,36.0,Cryab
7548.114506208221,1453.0,28.0,Cryab
6418.114506208221,1653.0,13.0,Cxcl14
6451.114506208221,687.0,18.0,Cxcl14
6680.114506208221,699.0,15.0,Cxcl14
6718.114506208221,690.0,16.0,Cxcl14
6737.114506208221,1571.0,27.0,Cxcl14
6791.114506208221,1262.0,23.0,Cxcl14
6856.114506208221,104.0,21.0,Cxcl14
6860.114506208221,802.0,20.0,Cxcl14
6900.114506208221,67.0,18.0,Cxcl14
7010.114506208221,1738.0,18.0,Cxcl14
7125.114506208221,343.0,21.0,Cxcl14
7201.114506208221,1808.0,17.0,Cxcl14
7212.114506208221,1850.0,27.0,Cxcl14
7451.114506208221,1499.0,13.0,Cxcl14
7461.114506208221,1563.0,14.0,Cxcl14
7525.114506208221,1344.0,33.0,Cxcl14
7547.114506208221,602.0,33.0,Cxcl14
7109.114506208221,1285.0,13.0,Enpp2
7168.114506208221,1666.0,15.0,Gabrd
7235.114506208221,885.0,31.0,Gabrd
6008.114506208221,58.0,24.0,Htr3a
6278.114506208221,544.0,30.0,Htr3a
7220.114506208221,643.0,29.0,Htr3a
6478.114506208221,1214.0,24.0,Id2
6845.114506208221,658.0,23.0,Id2
6847.114506208221,1769.0,23.0,Id2
7144.114506208221,872.0,19.0,Id2
7491.114506208221,1063.0,34.0,Id2
6077.114506208221,43.0,22.0,Kctd12
6036.114506208221,444.0,21.0,Kit
6742.114506208221,1832.0,26.0,Kit
7455.114506208221,1269.0,25.0,Kit
7075.114506208221,408.0,13.0,Lamp5
7179.114506208221,463.0,22.0,Lamp5
6106.114506208221,846.0,13.0,Lhx6
6977.114506208221,116.0,14.0,Lhx6
7053.114506208221,1596.0,13.0,Lhx6
7212.114506208221,684.0,18.0,Lhx6
7501.114506208221,1755.0,19.0,Lhx6
6161.114506208221,171.0,27.0,Neurod6
6214.114506208221,357.0,40.0,Neurod6
6223.114506208221,193.0,14.0,Neurod6
6550.114506208221,1291.0,39.0,Neurod6
6603.114506208221,374.0,37.0,Neurod6
6633.114506208221,308.0,32.0,Neurod6
6647.114506208221,1143.0,13.0,Neurod6
6742.114506208221,1598.0,22.0,Neurod6
6807.114506208221,1411.0,36.0,Neurod6
6812.114506208221,879.0,38.0,Neurod6
6825.114506208221,1706.0,36.0,Neurod6
6889.114506208221,887.0,39.0,Neurod6
6905.114506208221,812.0,39.0,Neurod6
7047.114506208221,1861.0,22.0,Neurod6
7150.114506208221,1459.0,26.0,Neurod6
7183.114506208221,592.0,33.0,Neurod6
7240.114506208221,1916.0,14.0,Neurod6
7298.114506208221,298.0,14.0,Neurod6
7341.114506208221,1127.0,38.0,Neurod6
7440.114506208221,1117.0,14.0,Neurod6
7491.114506208221,1992.0,22.0,Neurod6
7525.114506208221,1950.0,33.0,Neurod6
6529.114506208221,1510.0,29.0,Nov
6878.114506208221,781.0,23.0,Nov
6122.114506208221,385.0,14.0,Nr4a2
6197.114506208221,319.0,30.0,Nr4a2
6762.114506208221,613.0,15.0,Nr4a2
7054.114506208221,871.0,22.0,Nr4a2
7069.114506208221,924.0,25.0,Nr4a2
7073.114506208221,393.0,17.0,Nr4a2
7122.114506208221,1670.0,16.0,Nr4a2
5979.114506208221,1790.0,13.0,Nrn1
6083.114506208221,617.0,17.0,Nrn1
6285.114506208221,258.0,14.0,Nrn1
6453.114506208221,1024.0,22.0,Nrn1
6484.114506208221,94.0,14.0,Nrn1
6554.114506208221,1658.0,28.0,Nrn1
6754.114506208221,1354.0,14.0,Nrn1
6825.114506208221,1420.0,12.0,Nrn1
6868.114506208221,1521.0,26.0,Nrn1
6933.114506208221,279.0,18.0,Nrn1
6945.114506208221,1187.0,12.0,Nrn1
7080.114506208221,1964.0,11.0,Nrn1
7154.114506208221,1403.0,26.0,Nrn1
7265.114506208221,477.0,30.0,Nrn1
7285.114506208221,1859.0,11.0,Nrn1
7333.114506208221,1227.0,13.0,Nrn1
7490.114506208221,1410.0,30.0,Nrn1
7537.114506208221,1046.0,20.0,Nrn1
7318.114506208221,1822.0,12.0,Ntng1
6263.114506208221,1595.0,22.0,Pcp4
6555.114506208221,1746.0,26.0,Pcp4
7250.114506208221,395.0,16.0,Pcp4
7311.114506208221,1402.0,23.0,Pcp4
7375.114506208221,1653.0,39.0,Pcp4
6282.114506208221,1530.0,23.0,Pde1a
6477.114506208221,879.0,17.0,Pde1a
6496.114506208221,937.0,31.0,Pde1a
6896.114506208221,1778.0,12.0,Pde1a
6952.114506208221,374.0,13.0,Pde1a
7140.114506208221,1832.0,26.0,Pde1a
7148.114506208221,1991.0,38.0,Pde1a
6462.114506208221,793.0,24.0,Plp1
6791.114506208221,830.0,28.0,Plp1
7085.114506208221,1133.0,34.0,Plp1
7417.114506208221,1496.0,18.0,Plp1
6098.114506208221,492.0,14.0,Prkca
7371.114506208221,1776.0,29.0,Prkca
7475.114506208221,1643.0,12.0,Prkca
7142.114506208221,319.0,17.0,Pvalb
7340.114506208221,1528.0,12.0,Pvalb
7431.114506208221,1636.0,11.0,Pvalb
7452.114506208221,1628.0,12.0,Pvalb
5972.114506208221,962.0,14.0,Rgs12
6430.114506208221,948.0,30.0,Rgs4
6653.114506208221,1932.0,39.0,Rgs4
6675.114506208221,842.0,13.0,Rgs4
6747.114506208221,1553.0,27.0,Rgs4
6761.114506208221,1587.0,28.0,Rgs4
6794.114506208221,150.0,32.0,Rgs4
7072.114506208221,1952.0,34.0,Rgs4
7130.114506208221,1853.0,31.0,Rgs4
7211.114506208221,1141.0,14.0,Rgs4
7340.114506208221,649.0,18.0,Rgs4
7354.114506208221,367.0,17.0,Rgs4
7360.114506208221,1566.0,18.0,Rgs4
7527.114506208221,531.0,17.0,Rgs4
7551.114506208221,1427.0,21.0,Rgs4
6289.114506208221,389.0,33.0,Satb1
6781.114506208221,1751.0,13.0,Satb1
6904.114506208221,805.0,25.0,Satb1
7423.114506208221,1746.0,31.0,Satb1
7326.114506208221,1152.0,16.0,Slc6a1
7331.114506208221,1754.0,11.0,Slc6a1
7503.114506208221,1766.0,28.0,Slc6a1
7520.114506208221,1999.0,11.0,Snca
6895.114506208221,32.0,17.0,Synpr
6437.114506208221,105.0,33.0,Tac2
7367.114506208221,1964.0,31.0,Vip
7012.114506208221,1893.0,15.0,Yjefn3
2066.737177861389,790.9677104746224,12.974884524592198,Aldoc
3725.737177861389,99.96771047462244,22.9748845245922,Bcl11b
1978.7371778613888,294.96771047462244,20.9748845245922,Cadps2
2177.737177861389,1383.9677104746224,19.9748845245922,Cadps2
2946.737177861389,807.9677104746224,13.974884524592198,Cadps2
2991.737177861389,1094.9677104746224,37.9748845245922,Cadps2
3519.737177861389,1260.9677104746224,41.9748845245922,Cadps2
3592.737177861389,1173.9677104746224,32.9748845245922,Cnr1
2373.737177861389,709.9677104746224,20.9748845245922,Col25a1
2490.737177861389,730.9677104746224,32.9748845245922,Col25a1
2604.737177861389,1757.9677104746224,37.9748845245922,Col25a1
1973.7371778613888,763.9677104746224,35.9748845245922,Cox6a2
2062.737177861389,1039.9677104746224,13.974884524592198,Cplx2
3280.737177861389,1278.9677104746224,12.974884524592198,Cplx2
3341.737177861389,1568.9677104746224,12.974884524592198,Cplx2
1957.7371778613888,341.96771047462244,13.974884524592198,Cxcl14
2023.7371778613888,1222.9677104746224,37.9748845245922,Cxcl14
2068.737177861389,470.96771047462244,37.9748845245922,Cxcl14
2086.737177861389,1157.9677104746224,34.9748845245922,Cxcl14
2119.737177861389,1244.9677104746224,14.974884524592198,Cxcl14
2140.737177861389,683.9677104746224,13.974884524592198,Cxcl14
2206.737177861389,768.9677104746224,16.9748845245922,Cxcl14
2335.737177861389,465.96771047462244,19.9748845245922,Cxcl14
2383.737177861389,347.96771047462244,38.9748845245922,Cxcl14
2397.737177861389,559.9677104746224,31.9748845245922,Cxcl14
2421.737177861389,1500.9677104746224,39.9748845245922,Cxcl14
2424.737177861389,659.9677104746224,24.9748845245922,Cxcl14
2445.737177861389,888.9677104746224,24.9748845245922,Cxcl14
2455.737177861389,1105.9677104746224,16.9748845245922,Cxcl14
2518.737177861389,1799.9677104746224,12.974884524592198,Cxcl14
2522.737177861389,896.9677104746224,27.9748845245922,Cxcl14
2569.737177861389,1289.9677104746224,37.9748845245922,Cxcl14
2571.737177861389,1969.9677104746224,17.9748845245922,Cxcl14
2585.737177861389,718.9677104746224,24.9748845245922,Cxcl14
2585.737177861389,846.9677104746224,19.9748845245922,Cxcl14
2586.737177861389,1371.9677104746224,21.9748845245922,Cxcl14
2638.737177861389,1412.9677104746224,15.974884524592198,Cxcl14
2671.737177861389,1774.9677104746224,20.9748845245922,Cxcl14
2677.737177861389,1389.9677104746224,23.9748845245922,Cxcl14
2816.737177861389,2037.9677104746224,33.9748845245922,Cxcl14
2831.737177861389,1147.9677104746224,23.9748845245922,Cxcl14
2835.737177861389,1681.9677104746224,12.974884524592198,Cxcl14
2864.737177861389,1669.9677104746224,21.9748845245922,Cxcl14
2924.737177861389,740.9677104746224,34.9748845245922,Cxcl14
2960.737177861389,1471.9677104746224,30.9748845245922,Cxcl14
2975.737177861389,1817.9677104746224,31.9748845245922,Cxcl14
3055.737177861389,1769.9677104746224,38.9748845245922,Cxcl14
3162.737177861389,1231.9677104746224,38.9748845245922,Cxcl14
3167.737177861389,1609.9677104746224,40.9748845245922,Cxcl14
3254.737177861389,1693.9677104746224,23.9748845245922,Cxcl14
3255.737177861389,1901.9677104746224,36.9748845245922,Cxcl14
3306.737177861389,1706.9677104746224,33.9748845245922,Cxcl14
3307.737177861389,1988.9677104746224,39.9748845245922,Cxcl14
3410.737177861389,1405.9677104746224,12.974884524592198,Cxcl14
3427.737177861389,503.96771047462244,15.974884524592198,Cxcl14
3504.737177861389,1580.9677104746224,32.9748845245922,Cxcl14
3588.737177861389,1621.9677104746224,12.974884524592198,Cxcl14
3645.737177861389,1397.9677104746224,13.974884524592198,Cxcl14
3769.737177861389,715.9677104746224,28.9748845245922,Cxcl14
3799.737177861389,1625.9677104746224,30.9748845245922,Cxcl14
2371.737177861389,311.96771047462244,33.9748845245922,Htr3a
2430.737177861389,1077.9677104746224,12.974884524592198,Htr3a
2714.737177861389,1793.9677104746224,12.974884524592198,Htr3a
2922.737177861389,1920.9677104746224,14.974884524592198,Htr3a
1954.7371778613888,966.9677104746224,21.9748845245922,Id2
2067.737177861389,1051.9677104746224,12.974884524592198,Id2
2103.737177861389,1523.9677104746224,13.974884524592198,Id2
2117.737177861389,1509.9677104746224,13.974884524592198,Id2
2411.737177861389,1638.9677104746224,38.9748845245922,Id2
2713.737177861389,1148.9677104746224,13.974884524592198,Id2
2920.737177861389,1872.9677104746224,16.9748845245922,Id2
3064.737177861389,1155.9677104746224,16.9748845245922,Id2
3350.737177861389,1305.9677104746224,17.9748845245922,Id2
3532.737177861389,1287.9677104746224,40.9748845245922,Id2
1999.7371778613888,1715.9677104746224,26.9748845245922,Kctd12
3726.737177861389,1911.9677104746224,39.9748845245922,Kctd12
3318.737177861389,1028.9677104746224,14.974884524592198,Lhx6
2925.737177861389,140.96771047462244,41.9748845245922,Neurod6
2993.737177861389,240.96771047462244,40.9748845245922,Neurod6
3030.737177861389,1536.9677104746224,12.974884524592198,Neurod6
3262.737177861389,823.9677104746224,35.9748845245922,Neurod6
3274.737177861389,1768.9677104746224,36.9748845245922,Neurod6
3335.737177861389,1670.9677104746224,12.974884524592198,Neurod6
3620.737177861389,210.96771047462244,37.9748845245922,Neurod6
3638.737177861389,182.96771047462244,37.9748845245922,Neurod6
3735.737177861389,715.9677104746224,25.9748845245922,Neurod6
3747.737177861389,808.9677104746224,14.974884524592198,Neurod6
3810.737177861389,1778.9677104746224,35.9748845245922,Neurod6
2058.737177861389,1843.9677104746224,31.9748845245922,Nrn1
2413.737177861389,1698.9677104746224,22.9748845245922,Nrn1
2417.737177861389,1311.9677104746224,12.974884524592198,Nrn1
3557.737177861389,1765.9677104746224,24.9748845245922,Nrn1
3679.737177861389,1121.9677104746224,18.9748845245922,Nrn1
3774.737177861389,141.96771047462244,31.9748845245922,Nrn1
1962.7371778613888,1726.9677104746224,14.974884524592198,Pde1a
2066.737177861389,1424.9677104746224,24.9748845245922,Pde1a
2863.737177861389,1840.9677104746224,38.9748845245922,Pde1a
3048.737177861389,2032.9677104746224,11.974884524592198,Pde1a
1977.7371778613888,1631.9677104746224,32.9748845245922,Plp1
2171.737177861389,1150.9677104746224,12.974884524592198,Plp1
2379.737177861389,1087.9677104746224,21.9748845245922,Plp1
2521.737177861389,1509.9677104746224,16.9748845245922,Plp1
2704.737177861389,1092.9677104746224,13.974884524592198,Plp1
2936.737177861389,1026.9677104746224,24.9748845245922,Plp1
3089.737177861389,664.9677104746224,37.9748845245922,Plp1
3788.737177861389,2014.9677104746224,38.9748845245922,Plp1
3104.737177861389,1700.9677104746224,16.9748845245922,Pnoc
2810.737177861389,1428.9677104746224,31.9748845245922,Reln
2350.737177861389,1469.9677104746224,14.974884524592198,Rgs4
2565.737177861389,1892.9677104746224,38.9748845245922,Rgs4
2666.737177861389,1501.9677104746224,30.9748845245922,Rgs4
2716.737177861389,1587.9677104746224,30.9748845245922,Rgs4
2786.737177861389,759.9677104746224,39.9748845245922,Rgs4
3710.737177861389,179.96771047462244,30.9748845245922,Rgs4
2097.737177861389,832.9677104746224,15.974884524592198,Slc6a1
2328.737177861389,1023.9677104746224,28.9748845245922,Slc6a1
2357.737177861389,886.9677104746224,31.9748845245922,Slc6a1
2390.737177861389,1846.9677104746224,40.9748845245922,Slc6a1
2831.737177861389,1306.9677104746224,15.974884524592198,Slc6a1
3507.737177861389,640.9677104746224,23.9748845245922,Slc6a1
2311.737177861389,1614.9677104746224,23.9748845245922,Sst
2850.737177861389,160.96771047462244,28.9748845245922,Sst
3757.737177861389,1609.9677104746224,37.9748845245922,Sst
2476.737177861389,189.96771047462244,41.9748845245922,Tac2
3588.737177861389,159.96771047462244,30.9748845245922,Tac2
3694.737177861389,1264.9677104746224,34.9748845245922,Tac2
2546.737177861389,1134.9677104746224,16.9748845245922,Trp53i11
3616.737177861389,1812.9677104746224,13.974884524592198,Trp53i11
2347.737177861389,1153.9677104746224,25.9748845245922,Vip
2490.737177861389,1047.9677104746224,23.9748845245922,Vip
1945.7371778613888,243.96771047462244,15.974884524592198,Wfs1
1972.7371778613888,1862.9677104746224,20.9748845245922,Wfs1
1072.0,1847.949615329504,16.959864034550264,Aldoc
1127.0,1770.949615329504,16.959864034550264,Aldoc
1683.0,1432.949615329504,39.959864034550264,Aldoc
1783.0,1427.949615329504,20.959864034550264,Aldoc
1851.0,1078.949615329504,42.959864034550264,Aldoc
21.0,403.949615329504,17.959864034550264,Bcl11b
175.0,998.949615329504,19.959864034550264,Bcl11b
584.0,1687.949615329504,27.959864034550264,Bcl11b
1831.0,1919.949615329504,14.959864034550264,Bcl11b
415.0,725.949615329504,44.959864034550264,Cadps2
531.0,1780.949615329504,16.959864034550264,Cadps2
600.0,1725.949615329504,18.959864034550264,Cadps2
813.0,1841.949615329504,14.959864034550264,Cadps2
1030.0,1483.949615329504,16.959864034550264,Cadps2
1654.0,966.949615329504,24.959864034550264,Cadps2
48.0,1461.949615329504,25.959864034550264,Calb2
78.0,1387.949615329504,27.959864034550264,Calb2
91.0,1628.949615329504,24.959864034550264,Calb2
210.0,1038.949615329504,20.959864034550264,Calb2
396.0,162.949615329504,33.959864034550264,Calb2
516.0,1485.949615329504,26.959864034550264,Calb2
562.0,2006.949615329504,33.959864034550264,Calb2
671.0,1868.949615329504,24.959864034550264,Calb2
705.0,1970.949615329504,28.959864034550264,Calb2
789.0,1859.949615329504,32.959864034550264,Calb2
849.0,1910.949615329504,12.959864034550264,Calb2
854.0,1855.949615329504,25.959864034550264,Calb2
1227.0,1754.949615329504,25.959864034550264,Calb2
1881.0,1882.949615329504,11.959864034550264,Calb2
645.0,463.949615329504,16.959864034550264,Cck
1859.0,1958.949615329504,28.959864034550264,Cck
1212.0,457.949615329504,20.959864034550264,Chrm2
229.0,1640.949615329504,29.959864034550264,Cnr1
1673.0,1490.949615329504,30.959864034550264,Cnr1
33.0,1494.949615329504,13.959864034550264,Col25a1
207.0,1248.949615329504,22.959864034550264,Col25a1
789.0,1845.949615329504,12.959864034550264,Col25a1
980.0,1573.949615329504,14.959864034550264,Col25a1
39.0,598.949615329504,17.959864034550264,Cox6a2
319.0,1280.949615329504,22.959864034550264,Cox6a2
355.0,354.949615329504,36.959864034550264,Cox6a2
901.0,1683.949615329504,31.959864034550264,Cox6a2
954.0,1042.949615329504,14.959864034550264,Cox6a2
136.0,1706.949615329504,24.959864034550264,Cplx2
355.0,307.949615329504,14.959864034550264,Cplx2
365.0,847.949615329504,42.959864034550264,Cplx2
875.0,1711.949615329504,41.959864034550264,Cplx2
1034.0,776.949615329504,14.959864034550264,Cplx2
1135.0,130.949615329504,14.959864034550264,Cplx2
1161.0,1047.949615329504,15.959864034550264,Cplx2
1268.0,1960.949615329504,42.959864034550264,Cplx2
1437.0,1854.949615329504,15.959864034550264,Cplx2
1509.0,1658.949615329504,13.959864034550264,Cplx2
1757.0,1038.949615329504,41.959864034550264,Cplx2
10.0,1498.949615329504,19.959864034550264,Cryab
21.0,551.949615329504,29.959864034550264,Cryab
49.0,1525.949615329504,19.959864034550264,Cryab
75.0,658.949615329504,26.959864034550264,Cryab
87.0,941.949615329504,17.959864034550264,Cryab
125.0,1569.949615329504,22.959864034550264,Cryab
253.0,923.949615329504,20.959864034550264,Cryab
255.0,1057.949615329504,15.959864034550264,Cryab
272.0,912.949615329504,18.959864034550264,Cryab
308.0,1445.949615329504,28.959864034550264,Cryab
312.0,1165.949615329504,22.959864034550264,Cryab
391.0,1691.949615329504,38.959864034550264,Cryab
391.0,1895.949615329504,37.959864034550264,Cryab
401.0,942.949615329504,26.959864034550264,Cryab
421.0,1153.949615329504,28.959864034550264,Cryab
480.0,1426.949615329504,27.959864034550264,Cryab
481.0,697.949615329504,42.959864034550264,Cryab
484.0,1478.949615329504,29.959864034550264,Cryab
503.0,1321.949615329504,37.959864034550264,Cryab
530.0,616.949615329504,17.959864034550264,Cryab
567.0,1216.949615329504,27.959864034550264,Cryab
577.0,81.94961532950401,14.959864034550264,Cryab
586.0,967.949615329504,15.959864034550264,Cryab
623.0,908.949615329504,28.959864034550264,Cryab
648.0,1280.949615329504,17.959864034550264,Cryab
661.0,1611.949615329504,18.959864034550264,Cryab
721.0,1017.949615329504,33.959864034550264,Cryab
748.0,759.949615329504,18.959864034550264,Cryab
755.0,695.949615329504,35.959864034550264,Cryab
790.0,1584.949615329504,23.959864034550264,Cryab
827.0,1911.949615329504,21.959864034550264,Cryab
844.0,1214.949615329504,15.959864034550264,Cryab
846.0,1017.949615329504,21.959864034550264,Cryab
852.0,1953.949615329504,27.959864034550264,Cryab
882.0,1882.949615329504,21.959864034550264,Cryab
984.0,561.949615329504,15.959864034550264,Cryab
1002.0,169.949615329504,17.959864034550264,Cryab
1005.0,289.949615329504,31.959864034550264,Cryab
1023.0,1237.949615329504,21.959864034550264,Cryab
1032.0,1744.949615329504,28.959864034550264,Cryab
1058.0,2052.949615329504,31.959864034550264,Cryab
1109.0,415.949615329504,42.959864034550264,Cryab
1150.0,1347.949615329504,30.959864034550264,Cryab
1191.0,189.949615329504,15.959864034550264,Cryab
1192.0,1933.949615329504,13.959864034550264,Cryab
1205.0,1310.949615329504,27.959864034550264,Cryab
1281.0,1297.949615329504,14.959864034550264,Cryab
1295.0,351.949615329504,15.959864034550264,Cryab
1329.0,693.949615329504,33.959864034550264,Cryab
1335.0,664.949615329504,17.959864034550264,Cryab
1349.0,198.949615329504,30.959864034550264,Cryab
1372.0,1512.949615329504,14.959864034550264,Cryab
1387.0,1833.949615329504,19.959864034550264,Cryab
1417.0,1576.949615329504,14.959864034550264,Cryab
1442.0,507.949615329504,20.959864034550264,Cryab
1443.0,1859.949615329504,38.959864034550264,Cryab
1456.0,135.949615329504,22.959864034550264,Cryab
1490.0,867.949615329504,20.959864034550264,Cryab
1499.0,1678.949615329504,39.959864034550264,Cryab
1522.0,1661.949615329504,39.959864034550264,Cryab
1532.0,1208.949615329504,16.959864034550264,Cryab
1534.0,1907.949615329504,22.959864034550264,Cryab
1537.0,667.949615329504,18.959864034550264,Cryab
1546.0,1283.949615329504,18.959864034550264,Cryab
1570.0,994.949615329504,18.959864034550264,Cryab
1574.0,1864.949615329504,13.959864034550264,Cryab
1589.0,758.949615329504,15.959864034550264,Cryab
1638.0,1749.949615329504,26.959864034550264,Cryab
1693.0,961.949615329504,29.959864034550264,Cryab
1745.0,716.949615329504,38.959864034550264,Cryab
1839.0,1066.949615329504,18.959864034550264,Cryab
1858.0,444.949615329504,14.959864034550264,Cryab
1859.0,214.949615329504,20.959864034550264,Cryab
1861.0,195.949615329504,16.959864034550264,Cryab
1878.0,1210.949615329504,19.959864034550264,Cryab
1896.0,1843.949615329504,17.959864034550264,Cryab
1898.0,894.949615329504,13.959864034550264,Cryab
1908.0,370.949615329504,16.959864034550264,Cryab
1910.0,174.949615329504,18.959864034550264,Cryab
1943.0,1786.949615329504,17.959864034550264,Cryab
41.0,2018.949615329504,24.959864034550264,Cxcl14
42.0,1603.949615329504,36.959864034550264,Cxcl14
81.0,1557.949615329504,13.959864034550264,Cxcl14
154.0,1767.949615329504,17.959864034550264,Cxcl14
197.0,148.949615329504,19.959864034550264,Cxcl14
213.0,306.949615329504,25.959864034550264,Cxcl14
221.0,548.949615329504,22.959864034550264,Cxcl14
228.0,178.949615329504,42.959864034550264,Cxcl14
228.0,181.949615329504,16.959864034550264,Cxcl14
319.0,334.949615329504,19.959864034550264,Cxcl14
401.0,111.94961532950401,22.959864034550264,Cxcl14
429.0,1181.949615329504,27.959864034550264,Cxcl14
548.0,955.949615329504,17.959864034550264,Cxcl14
567.0,1242.949615329504,17.959864034550264,Cxcl14
620.0,808.949615329504,39.959864034550264,Cxcl14
622.0,841.949615329504,16.959864034550264,Cxcl14
632.0,1516.949615329504,29.959864034550264,Cxcl14
651.0,439.949615329504,41.959864034550264,Cxcl14
677.0,368.949615329504,36.959864034550264,Cxcl14
680.0,193.949615329504,15.959864034550264,Cxcl14
683.0,716.949615329504,15.959864034550264,Cxcl14
700.0,961.949615329504,16.959864034550264,Cxcl14
720.0,1423.949615329504,13.959864034550264,Cxcl14
746.0,781.949615329504,19.959864034550264,Cxcl14
776.0,320.949615329504,21.959864034550264,Cxcl14
791.0,259.949615329504,21.959864034550264,Cxcl14
812.0,1209.949615329504,17.959864034550264,Cxcl14
818.0,1832.949615329504,36.959864034550264,Cxcl14
846.0,1496.949615329504,26.959864034550264,Cxcl14
859.0,717.949615329504,20.959864034550264,Cxcl14
865.0,588.949615329504,14.959864034550264,Cxcl14
922.0,1391.949615329504,14.959864034550264,Cxcl14
1045.0,1758.949615329504,22.959864034550264,Cxcl14
1065.0,1787.949615329504,21.959864034550264,Cxcl14
1070.0,1188.949615329504,17.959864034550264,Cxcl14
1110.0,407.949615329504,22.959864034550264,Cxcl14
1159.0,1640.949615329504,13.959864034550264,Cxcl14
1238.0,779.949615329504,37.959864034550264,Cxcl14
1292.0,933.949615329504,13.959864034550264,Cxcl14
1359.0,1532.949615329504,15.959864034550264,Cxcl14
1388.0,810.949615329504,21.959864034550264,Cxcl14
1641.0,98.94961532950401,14.959864034550264,Cxcl14
1699.0,1483.949615329504,27.959864034550264,Cxcl14
1735.0,2056.949615329504,12.959864034550264,Cxcl14
1738.0,445.949615329504,14.959864034550264,Cxcl14
1848.0,2024.949615329504,11.959864034550264,Cxcl14
1920.0,547.949615329504,13.959864034550264,Cxcl14
208.0,236.949615329504,31.959864034550264,Enpp2
183.0,1247.949615329504,19.959864034550264,Gabrd
284.0,1393.949615329504,35.959864034550264,Gabrd
449.0,1830.949615329504,26.959864034550264,Gabrd
457.0,1632.949615329504,20.959864034550264,Gabrd
657.0,1957.949615329504,18.959864034550264,Gabrd
662.0,1887.949615329504,14.959864034550264,Gabrd
950.0,1826.949615329504,13.959864034550264,Gabrd
1452.0,1317.949615329504,13.959864034550264,Gabrd
48.0,1575.949615329504,14.959864034550264,Gad1
408.0,131.949615329504,20.959864034550264,Grin3a
144.0,420.949615329504,37.959864034550264,Htr3a
476.0,506.949615329504,17.959864034550264,Id2
660.0,959.949615329504,16.959864034550264,Id2
661.0,1495.949615329504,17.959864034550264,Id2
793.0,1242.949615329504,14.959864034550264,Id2
852.0,1333.949615329504,16.959864034550264,Id2
1363.0,582.949615329504,14.959864034550264,Id2
1438.0,1961.949615329504,42.959864034550264,Id2
1449.0,1751.949615329504,15.959864034550264,Id2
1459.0,1094.949615329504,44.959864034550264,Id2
1499.0,1597.949615329504,18.959864034550264,Id2
1524.0,1929.949615329504,15.959864034550264,Id2
1673.0,1853.949615329504,13.959864034550264,Id2
1900.0,1856.949615329504,27.959864034550264,Id2
100.0,949.949615329504,24.959864034550264,Kctd12
108.0,1651.949615329504,28.959864034550264,Lamp5
162.0,1149.949615329504,26.959864034550264,Lamp5
506.0,885.949615329504,19.959864034550264,Lamp5
1657.0,947.949615329504,15.959864034550264,Lamp5
1841.0,943.949615329504,13.959864034550264,Lamp5
1929.0,1864.949615329504,19.959864034550264,Lamp5
248.0,971.949615329504,26.959864034550264,Lhx6
343.0,615.949615329504,16.959864034550264,Lhx6
539.0,1304.949615329504,40.959864034550264,Lhx6
700.0,2021.949615329504,25.959864034550264,Lhx6
732.0,1904.949615329504,21.959864034550264,Lhx6
930.0,215.949615329504,14.959864034550264,Lhx6
1175.0,1682.949615329504,20.959864034550264,Lhx6
1664.0,216.949615329504,15.959864034550264,Lhx6
1883.0,1384.949615329504,28.959864034550264,Ndnf
299.0,2019.949615329504,34.959864034550264,Neurod6
425.0,1227.949615329504,25.959864034550264,Neurod6
638.0,2001.949615329504,23.959864034550264,Neurod6
674.0,1277.949615329504,26.959864034550264,Neurod6
582.0,1748.949615329504,20.959864034550264,Nos1
1602.0,530.949615329504,20.959864034550264,Npy
1022.0,1755.949615329504,30.959864034550264,Nr4a2
1498.0,901.949615329504,21.959864034550264,Nr4a2
69.0,1221.949615329504,28.959864034550264,Nrn1
73.0,1068.949615329504,18.959864034550264,Nrn1
107.0,1389.949615329504,37.959864034550264,Nrn1
108.0,465.949615329504,23.959864034550264,Nrn1
155.0,1502.949615329504,30.959864034550264,Nrn1
179.0,1453.949615329504,29.959864034550264,Nrn1
236.0,1929.949615329504,12.959864034550264,Nrn1
242.0,1144.949615329504,13.959864034550264,Nrn1
258.0,1100.949615329504,20.959864034550264,Nrn1
271.0,825.949615329504,15.959864034550264,Nrn1
293.0,1954.949615329504,22.959864034550264,Nrn1
307.0,1642.949615329504,28.959864034550264,Nrn1
369.0,1612.949615329504,21.959864034550264,Nrn1
382.0,1791.949615329504,36.959864034550264,Nrn1
383.0,1317.949615329504,13.959864034550264,Nrn1
435.0,1419.949615329504,17.959864034550264,Nrn1
441.0,1264.949615329504,25.959864034550264,Nrn1
446.0,1573.949615329504,31.959864034550264,Nrn1
470.0,1899.949615329504,29.959864034550264,Nrn1
622.0,1504.949615329504,35.959864034550264,Nrn1
654.0,1716.949615329504,14.959864034550264,Nrn1
657.0,1738.949615329504,36.959864034550264,Nrn1
736.0,2045.949615329504,13.959864034550264,Nrn1
747.0,2043.949615329504,26.959864034550264,Nrn1
754.0,1774.949615329504,15.959864034550264,Nrn1
908.0,1942.949615329504,39.959864034550264,Nrn1
1061.0,852.949615329504,14.959864034550264,Nrn1
1103.0,1941.949615329504,37.959864034550264,Nrn1
1162.0,1542.949615329504,13.959864034550264,Nrn1
1184.0,1346.949615329504,13.959864034550264,Nrn1
1345.0,2024.949615329504,13.959864034550264,Nrn1
1618.0,1421.949615329504,22.959864034550264,Nrn1
14.0,795.949615329504,40.959864034550264,Pde1a
32.0,1157.949615329504,27.959864034550264,Pde1a
51.0,899.949615329504,18.959864034550264,Pde1a
61.0,458.949615329504,15.959864034550264,Pde1a
232.0,1217.949615329504,26.959864034550264,Pde1a
253.0,1221.949615329504,25.959864034550264,Pde1a
313.0,1730.949615329504,28.959864034550264,Pde1a
346.0,1187.949615329504,39.959864034550264,Pde1a
410.0,1762.949615329504,16.959864034550264,Pde1a
492.0,1677.949615329504,23.959864034550264,Pde1a
543.0,1645.949615329504,12.959864034550264,Pde1a
675.0,1810.949615329504,29.959864034550264,Pde1a
1259.0,408.949615329504,14.959864034550264,Pde1a
1297.0,1258.949615329504,14.959864034550264,Pde1a
632.0,1469.949615329504,14.959864034550264,Plp1
860.0,1532.949615329504,24.959864034550264,Plp1
1040.0,405.949615329504,19.959864034550264,Plp1
1933.0,139.949615329504,28.959864034550264,Plp1
47.0,1574.949615329504,15.959864034550264,Prkca
136.0,1381.949615329504,20.959864034550264,Prkca
454.0,1719.949615329504,27.959864034550264,Prkca
542.0,1730.949615329504,13.959864034550264,Prkca
816.0,1627.949615329504,37.959864034550264,Prkca
1407.0,1405.949615329504,16.959864034550264,Prkca
235.0,1341.949615329504,25.959864034550264,Pthlh
319.0,1336.949615329504,26.959864034550264,Pthlh
1199.0,1686.949615329504,36.959864034550264,Pvalb
1795.0,1089.949615329504,16.959864034550264,Reln
1898.0,1667.949615329504,12.959864034550264,Reln
990.0,713.949615329504,14.959864034550264,Rgs10
1508.0,1414.949615329504,15.959864034550264,Rgs10
1913.0,954.949615329504,22.959864034550264,Rgs12
24.0,1004.949615329504,14.959864034550264,Rgs4
154.0,1384.949615329504,26.959864034550264,Rgs4
335.0,643.949615329504,15.959864034550264,Rgs4
756.0,1921.949615329504,14.959864034550264,Rgs4
64.0,1198.949615329504,24.959864034550264,Satb1
149.0,1396.949615329504,16.959864034550264,Satb1
208.0,1474.949615329504,18.959864034550264,Satb1
262.0,1454.949615329504,31.959864034550264,Satb1
702.0,1888.949615329504,27.959864034550264,Satb1
1016.0,1947.949615329504,36.959864034550264,Satb1
1813.0,1890.949615329504,13.959864034550264,Satb1
358.0,2039.949615329504,12.959864034550264,Sema3c
620.0,1480.949615329504,38.959864034550264,Slc6a1
817.0,1216.949615329504,13.959864034550264,Slc6a1
1356.0,2043.949615329504,22.959864034550264,Slc6a1
77.0,730.949615329504,42.959864034550264,Snca
122.0,1160.949615329504,27.959864034550264,Snca
377.0,1332.949615329504,15.959864034550264,Snca
598.0,1948.949615329504,22.959864034550264,Snca
614.0,1918.949615329504,35.959864034550264,Snca
615.0,1917.949615329504,37.959864034550264,Snca
803.0,1714.949615329504,19.959864034550264,Snca
1260.0,436.949615329504,15.959864034550264,Snca
1872.0,1547.949615329504,12.959864034550264,Snca
147.0,850.949615329504,26.959864034550264,Sst
785.0,1664.949615329504,14.959864034550264,Sst
1731.0,1527.949615329504,15.959864034550264,Sst
19.0,823.949615329504,23.959864034550264,Synpr
38.0,893.949615329504,17.959864034550264,Synpr
219.0,2018.949615329504,24.959864034550264,Synpr
295.0,1030.949615329504,13.959864034550264,Synpr
1927.0,915.949615329504,22.959864034550264,Tac1
264.0,1039.949615329504,22.959864034550264,Tac2
1740.0,1966.949615329504,12.959864034550264,Trp53i11
1879.0,1865.949615329504,11.959864034550264,Vip
120.0,918.949615329504,17.959864034550264,Wfs1
462.0,1834.949615329504,12.959864034550264,Wfs1
763.0,1839.949615329504,35.959864034550264,Wfs1
1943.0,1653.949615329504,29.959864034550264,Wfs1
